<NotepadPlus>
    <UserLang name="aoe2" ext="per" udlVersion="2.1">
        <Settings>
            <Global caseIgnored="no" allowFoldOfComments="no" foldCompact="no" forcePureLC="0" decimalSeparator="0" />
            <Prefix Keywords1="no" Keywords2="yes" Keywords3="no" Keywords4="yes" Keywords5="no" Keywords6="yes" Keywords7="no" Keywords8="no" />
        </Settings>
        <KeywordLists>
            <Keywords name="Comments">00; 01 02 03 04</Keywords>
            <Keywords name="Numbers, prefix1"></Keywords>
            <Keywords name="Numbers, prefix2"></Keywords>
            <Keywords name="Numbers, extras1"></Keywords>
            <Keywords name="Numbers, extras2"></Keywords>
            <Keywords name="Numbers, suffix1"></Keywords>
            <Keywords name="Numbers, suffix2"></Keywords>
            <Keywords name="Numbers, range"></Keywords>
            <Keywords name="Operators1">( )</Keywords>
            <Keywords name="Operators2"></Keywords>
            <Keywords name="Folders in code1, open"></Keywords>
            <Keywords name="Folders in code1, middle"></Keywords>
            <Keywords name="Folders in code1, close"></Keywords>
            <Keywords name="Folders in code2, open">#if #if-timer #for #foreach #while #load-if-defined #load-if-not-defined #function</Keywords>
            <Keywords name="Folders in code2, middle">#else</Keywords>
            <Keywords name="Folders in code2, close">#end-if #end-for #end-foreach #end-while #return</Keywords>
            <Keywords name="Folders in comment, open">region</Keywords>
            <Keywords name="Folders in comment, middle"></Keywords>
            <Keywords name="Folders in comment, close">endregion</Keywords>
            <Keywords name="Keywords1">defconst defrule true false disable-self load load-random not or and nor nand #deflocal #defglobal #defexclusive #defstrategic var #call #repeat-timer TRUE FALSE YES NO ON OFF in LOW MEDIUM HIGH BUILDING-NORMAL BUILDING-FORWARD BUILDING-POINT BUILDING-MY-CAMP BUILDING-ENEMY-CAMP ATTACK-NORMAL ATTACK-RAID</Keywords>
            <Keywords name="Keywords2"></Keywords>
            <Keywords name="Keywords3">up-get-fact research-completed unit-type-count up-gaia-type-count up-object-type-count-total can-build build goal up-build set-strategic-number civilian-population current-age set-goal chat-local-to-self up-set-target-by-id up-get-object-data up-full-reset-search up-find-local up-find-remote up-get-search-state up-modify-goal dropsite-min-distance up-get-point up-set-target-point up-remove-objects up-clean-search up-compare-goal up-set-target-object up-target-point enable-timer timer-triggered disable-timer up-chat-data-to-self up-log-data up-train-site-ready escrow-amount set-escrow-percentage up-modify-escrow food-amount commodity-selling-price can-sell-commodity sell-commodity gold-amount commodity-buying-price can-buy-commodity buy-commodity wood-amount stone-amount up-modify-sn up-update-targets up-enemy-units-in-town up-gather-inside up-object-type-count up-assign-builders population-headroom housing-headroom building-type-count-total up-set-placement-data building-type-count up-pending-objects can-build-with-escrow resource-found up-research-status up-pending-placement up-setup-cost-data up-add-object-cost up-can-build military-population enemy-buildings-in-town research-available unit-type-count-total up-add-research-cost up-can-research up-research up-target-objects game-time can-research can-train research up-drop-resources up-can-train up-train up-find-player up-store-tech-name up-store-type-name strategic-number idle-farm-count can-train-with-escrow up-get-object-type-data up-set-attack-stance up-get-target-fact enemy-units-in-town up-change-name population-cap up-bound-point up-building-type-in-town up-lerp-tiles unit-available current-age-time up-retreat-now up-compare-sn population up-filter-status up-filter-distance up-find-resource</Keywords>
            <Keywords name="Keywords4"></Keywords>
            <Keywords name="Keywords5"></Keywords>
            <Keywords name="Keywords6"></Keywords>
            <Keywords name="Keywords7"></Keywords>
            <Keywords name="Keywords8"></Keywords>
            <Keywords name="Delimiters">00&quot; 01 02&quot; 03 04 05 06 07 08 09 10 11 12 13 14 15 16 17 18 19 20 21 22 23</Keywords>
        </KeywordLists>
        <Styles>
            <WordsStyle name="DEFAULT" fgColor="000000" bgColor="FFFFFF" fontName="" fontStyle="0" nesting="0" />
            <WordsStyle name="COMMENTS" fgColor="00FF00" bgColor="FFFFFF" fontName="" fontStyle="0" nesting="0" />
            <WordsStyle name="LINE COMMENTS" fgColor="008040" bgColor="FFFFFF" fontName="" fontStyle="1" nesting="0" />
            <WordsStyle name="NUMBERS" fgColor="000000" bgColor="FFFFFF" fontName="" fontStyle="0" nesting="0" />
            <WordsStyle name="KEYWORDS1" fgColor="0080FF" bgColor="FFFFFF" fontName="" fontStyle="0" nesting="0" />
            <WordsStyle name="KEYWORDS2" fgColor="0080FF" bgColor="FFFFFF" fontName="" fontStyle="0" nesting="0" />
            <WordsStyle name="KEYWORDS3" fgColor="DC4903" bgColor="FFFFFF" fontName="" fontStyle="0" nesting="0" />
            <WordsStyle name="KEYWORDS4" fgColor="DC4903" bgColor="FFFFFF" fontName="" fontStyle="0" nesting="0" />
            <WordsStyle name="KEYWORDS5" fgColor="FF0080" bgColor="FFFFFF" fontName="" fontStyle="0" nesting="0" />
            <WordsStyle name="KEYWORDS6" fgColor="FF0080" bgColor="FFFFFF" fontName="" fontStyle="0" nesting="0" />
            <WordsStyle name="KEYWORDS7" fgColor="000000" bgColor="FFFFFF" fontName="" fontStyle="0" nesting="0" />
            <WordsStyle name="KEYWORDS8" fgColor="000000" bgColor="FFFFFF" fontName="" fontStyle="0" nesting="0" />
            <WordsStyle name="OPERATORS" fgColor="000000" bgColor="FFFFFF" fontName="" fontStyle="0" nesting="0" />
            <WordsStyle name="FOLDER IN CODE1" fgColor="000000" bgColor="FFFFFF" fontName="" fontStyle="0" nesting="0" />
            <WordsStyle name="FOLDER IN CODE2" fgColor="BB005E" bgColor="FFFFFF" fontName="" fontStyle="0" nesting="0" />
            <WordsStyle name="FOLDER IN COMMENT" fgColor="008080" bgColor="FFFFFF" fontName="" fontStyle="0" nesting="0" />
            <WordsStyle name="DELIMITERS1" fgColor="000000" bgColor="FFFFFF" fontName="" fontStyle="0" nesting="0" />
            <WordsStyle name="DELIMITERS2" fgColor="000000" bgColor="FFFFFF" fontName="" fontStyle="0" nesting="0" />
            <WordsStyle name="DELIMITERS3" fgColor="000000" bgColor="FFFFFF" fontName="" fontStyle="0" nesting="0" />
            <WordsStyle name="DELIMITERS4" fgColor="000000" bgColor="FFFFFF" fontName="" fontStyle="0" nesting="0" />
            <WordsStyle name="DELIMITERS5" fgColor="000000" bgColor="FFFFFF" fontName="" fontStyle="0" nesting="0" />
            <WordsStyle name="DELIMITERS6" fgColor="000000" bgColor="FFFFFF" fontName="" fontStyle="0" nesting="0" />
            <WordsStyle name="DELIMITERS7" fgColor="000000" bgColor="FFFFFF" fontName="" fontStyle="0" nesting="0" />
            <WordsStyle name="DELIMITERS8" fgColor="000000" bgColor="FFFFFF" fontName="" fontStyle="0" nesting="0" />
        </Styles>
    </UserLang>
</NotepadPlus>
